"Longitude (x)","Latitude (y)","Station Name","Climate ID","Date/Time","Year","Month","Day","Data Quality","Max Temp (°C)","Max Temp Flag","Min Temp (°C)","Min Temp Flag","Mean Temp (°C)","Mean Temp Flag","Heat Deg Days (°C)","Heat Deg Days Flag","Cool Deg Days (°C)","Cool Deg Days Flag","Total Rain (mm)","Total Rain Flag","Total Snow (cm)","Total Snow Flag","Total Precip (mm)","Total Precip Flag","Snow on Grnd (cm)","Snow on Grnd Flag","Dir of Max Gust (10s deg)","Dir of Max Gust Flag","Spd of Max Gust (km/h)","Spd of Max Gust Flag"
"-73.58","45.50","MCTAVISH","7024745","2019-01-01","2019","01","01","","2.3","","-11.7","","-4.7","","22.7","","0.0","","","","","","19.7","","5","","35","","37",""
"-73.58","45.50","MCTAVISH","7024745","2019-01-02","2019","01","02","","-9.1","","-14.9","","-12.0","","30.0","","0.0","","","","","","0.2","","6","","","","",""
"-73.58","45.50","MCTAVISH","7024745","2019-01-03","2019","01","03","","-3.0","","-13.8","","-8.4","","26.4","","0.0","","","","","","2.9","","11","","","","",""
"-73.58","45.50","MCTAVISH","7024745","2019-01-04","2019","01","04","","2.9","","-3.0","","0.0","","18.0","","0.0","","","","","","3.7","","15","","","","",""
"-73.58","45.50","MCTAVISH","7024745","2019-01-05","2019","01","05","","2.4","","1.0","","1.7","","16.3","","0.0","","","","","","0.0","","11","","","","",""
"-73.58","45.50","MCTAVISH","7024745","2019-01-06","2019","01","06","","1.6","","-12.0","","-5.2","","23.2","","0.0","","","","","","0.9","","11","","35","","42",""
"-73.58","45.50","MCTAVISH","7024745","2019-01-07","2019","01","07","","-9.8","","-14.3","","-12.1","","30.1","","0.0","","","","","","4.0","","25","","","","",""
"-73.58","45.50","MCTAVISH","7024745","2019-01-08","2019","01","08","","1.7","","-9.9","","-4.1","","22.1","","0.0","","","","","","8.2","","32","","18","","31",""
"-73.58","45.50","MCTAVISH","7024745","2019-01-09","2019","01","09","","0.7","","-2.9","","-1.1","","19.1","","0.0","","","","","","1.3","","30","","","","",""
"-73.58","45.50","MCTAVISH","7024745","2019-01-10","2019","01","10","","-2.8","","-13.1","","-7.9","","25.9","","0.0","","","","","","1.6","","35","","35","","34",""
"-73.58","45.50","MCTAVISH","7024745","2019-01-11","2019","01","11","","-12.7","","-18.6","","-15.6","","33.6","","0.0","","","","","","0.4","","34","","24","","31",""
"-73.58","45.50","MCTAVISH","7024745","2019-01-12","2019","01","12","","-13.0","","-17.8","","-15.4","","33.4","","0.0","","","","","","0.0","","32","","","","",""
"-73.58","45.50","MCTAVISH","7024745","2019-01-13","2019","01","13","","-10.8","","-16.8","","-13.8","","31.8","","0.0","","","","","","0.2","","31","","","","",""
"-73.58","45.50","MCTAVISH","7024745","2019-01-14","2019","01","14","","-7.5","","-14.7","","-11.1","","29.1","","0.0","","","","","","0.0","","30","","","","",""
"-73.58","45.50","MCTAVISH","7024745","2019-01-15","2019","01","15","","-1.8","","-7.6","","-4.7","","22.7","","0.0","","","","","","0.0","","30","","","","",""
"-73.58","45.50","MCTAVISH","7024745","2019-01-16","2019","01","16","","1.2","","-17.7","","-8.2","","26.2","","0.0","","","","","","0.9","","32","","24","","38",""
"-73.58","45.50","MCTAVISH","7024745","2019-01-17","2019","01","17","","-13.5","","-20.5","","-17.0","","35.0","","0.0","","","","","","0.4","","32","","","","",""
"-73.58","45.50","MCTAVISH","7024745","2019-01-18","2019","01","18","","-7.6","","-15.7","","-11.6","","29.6","","0.0","","","","","","1.0","","32","","","","",""
"-73.58","45.50","MCTAVISH","7024745","2019-01-19","2019","01","19","","-14.2","","-23.9","","-19.0","","37.0","","0.0","","","","","","1.9","","34","","1","","31",""
"-73.58","45.50","MCTAVISH","7024745","2019-01-20","2019","01","20","","-16.2","","-20.9","","-18.6","","36.6","","0.0","","","","","","10.0","","50","","5","","55",""
"-73.58","45.50","MCTAVISH","7024745","2019-01-21","2019","01","21","","-16.4","","-21.2","","-18.8","","36.8","","0.0","","","","","","2.1","","67","","","","",""
"-73.58","45.50","MCTAVISH","7024745","2019-01-22","2019","01","22","","-9.5","","-22.3","","-15.9","","33.9","","0.0","","","","","","0.2","","66","","24","","36",""
"-73.58","45.50","MCTAVISH","7024745","2019-01-23","2019","01","23","","1.5","","-12.0","","-5.3","","23.3","","0.0","","","","","","21.5","","67","","","","",""
"-73.58","45.50","MCTAVISH","7024745","2019-01-24","2019","01","24","","3.7","","-6.0","","-1.1","","19.1","","0.0","","","","","","20.1","","68","","","","",""
"-73.58","45.50","MCTAVISH","7024745","2019-01-25","2019","01","25","","-1.5","","-11.0","","-6.2","","24.2","","0.0","","","","","","0.4","","61","","21","","32",""
"-73.58","45.50","MCTAVISH","7024745","2019-01-26","2019","01","26","","-10.8","","-13.5","","-12.1","","30.1","","0.0","","","","","","0.7","","62","","","","",""
"-73.58","45.50","MCTAVISH","7024745","2019-01-27","2019","01","27","","-1.1","","-13.7","","-7.4","","25.4","","0.0","","","","","","0.0","","59","","26","","42",""
"-73.58","45.50","MCTAVISH","7024745","2019-01-28","2019","01","28","","-12.0","","-20.1","","-16.1","","34.1","","0.0","","","","","","","M","61","","","","",""
"-73.58","45.50","MCTAVISH","7024745","2019-01-29","2019","01","29","","-4.3","","-18.1","","-11.2","","29.2","","0.0","","","","","","8.0","","60","","","","",""
"-73.58","45.50","MCTAVISH","7024745","2019-01-30","2019","01","30","","-7.6","","-16.9","","-12.3","","30.3","","0.0","","","","","","0.2","","71","","","","",""
"-73.58","45.50","MCTAVISH","7024745","2019-01-31","2019","01","31","","-13.8","","-17.3","","-15.6","","33.6","","0.0","","","","","","0.0","","70","","24","","36",""
"-73.58","45.50","MCTAVISH","7024745","2019-02-01","2019","02","01","","-12.0","","-17.0","","-14.5","","32.5","","0.0","","","","","","0.0","","69","","","","",""
"-73.58","45.50","MCTAVISH","7024745","2019-02-02","2019","02","02","","-6.5","","-14.5","","-10.5","","28.5","","0.0","","","","","","3.7","","68","","","","",""
"-73.58","45.50","MCTAVISH","7024745","2019-02-03","2019","02","03","","-8.2","","-14.0","","-11.1","","29.1","","0.0","","","","","","1.6","","71","","","","",""
"-73.58","45.50","MCTAVISH","7024745","2019-02-04","2019","02","04","","-2.6","","-10.7","","-6.7","","24.7","","0.0","","","","","","1.3","","72","","","M","","M"
"-73.58","45.50","MCTAVISH","7024745","2019-02-05","2019","02","05","","6.5","","-9.0","","-1.3","","19.3","","0.0","","","","","","8.7","","69","","","M","","M"
"-73.58","45.50","MCTAVISH","7024745","2019-02-06","2019","02","06","","-6.1","","-11.6","","-8.8","","26.8","","0.0","","","","","","3.7","","64","","","","",""
"-73.58","45.50","MCTAVISH","7024745","2019-02-07","2019","02","07","","2.1","","-6.7","","-2.3","","20.3","","0.0","","","","","","0.5","","65","","","","",""
"-73.58","45.50","MCTAVISH","7024745","2019-02-08","2019","02","08","","6.6","","-9.0","","-1.2","","19.2","","0.0","","","","","","2.8","","64","","21","","46",""
"-73.58","45.50","MCTAVISH","7024745","2019-02-09","2019","02","09","","-6.5","","-11.8","","-9.2","","27.2","","0.0","","","","","","0.0","","63","","25","","38",""
"-73.58","45.50","MCTAVISH","7024745","2019-02-10","2019","02","10","","-6.4","","-13.1","","-9.7","","27.7","","0.0","","","","","","0.0","","62","","","","",""
"-73.58","45.50","MCTAVISH","7024745","2019-02-11","2019","02","11","","-8.1","","-14.3","","-11.2","","29.2","","0.0","","","","","","0.0","","62","","","","",""
"-73.58","45.50","MCTAVISH","7024745","2019-02-12","2019","02","12","","-5.5","","-17.1","","-11.3","","29.3","","0.0","","","","","","15.4","","62","","","","",""
"-73.58","45.50","MCTAVISH","7024745","2019-02-13","2019","02","13","","0.3","","-7.4","","-3.6","","21.6","","0.0","","","","","","16.9","","89","","4","","100",""
"-73.58","45.50","MCTAVISH","7024745","2019-02-14","2019","02","14","","-4.0","","-8.2","","-6.1","","24.1","","0.0","","","","","","0.0","","89","","","","",""
"-73.58","45.50","MCTAVISH","7024745","2019-02-15","2019","02","15","","3.8","","-6.7","","-1.5","","19.5","","0.0","","","","","","2.4","","87","","19","","36",""
"-73.58","45.50","MCTAVISH","7024745","2019-02-16","2019","02","16","","-1.8","","-11.0","","-6.4","","24.4","","0.0","","","","","","0.0","","85","","","","",""
"-73.58","45.50","MCTAVISH","7024745","2019-02-17","2019","02","17","","-8.4","","-13.8","","-11.1","","29.1","","0.0","","","","","","0.0","","84","","","","",""
"-73.58","45.50","MCTAVISH","7024745","2019-02-18","2019","02","18","","-8.0","","-14.1","","-11.1","","29.1","","0.0","","","","","","0.0","","83","","3","","31",""
"-73.58","45.50","MCTAVISH","7024745","2019-02-19","2019","02","19","","-9.4","","-16.6","","-13.0","","31.0","","0.0","","","","","","0.0","","83","","","","",""
"-73.58","45.50","MCTAVISH","7024745","2019-02-20","2019","02","20","","-4.7","","-14.7","","-9.7","","27.7","","0.0","","","","","","1.5","","82","","","","",""
"-73.58","45.50","MCTAVISH","7024745","2019-02-21","2019","02","21","","3.0","","-7.5","","-2.2","","20.2","","0.0","","","","","","8.9","","90","","3","","48",""
"-73.58","45.50","MCTAVISH","7024745","2019-02-22","2019","02","22","","0.0","","-6.0","","-3.0","","21.0","","0.0","","","","","","0.0","","88","","","","",""
"-73.58","45.50","MCTAVISH","7024745","2019-02-23","2019","02","23","","0.8","","-7.3","","-3.3","","21.3","","0.0","","","","","","0.0","","86","","","","",""
"-73.58","45.50","MCTAVISH","7024745","2019-02-24","2019","02","24","","3.9","","-2.6","","0.6","","17.4","","0.0","","","","","","16.4","","86","","20","","38",""
"-73.58","45.50","MCTAVISH","7024745","2019-02-25","2019","02","25","","1.6","","-12.5","","-5.5","","23.5","","0.0","","","","","","0.2","","84","","21","","44",""
"-73.58","45.50","MCTAVISH","7024745","2019-02-26","2019","02","26","","-12.4","","-17.5","","-15.0","","33.0","","0.0","","","","","","0.2","","82","","35","","33",""
"-73.58","45.50","MCTAVISH","7024745","2019-02-27","2019","02","27","","-13.1","","-19.0","","-16.0","","34.0","","0.0","","","","","","0.0","","82","","","","",""
"-73.58","45.50","MCTAVISH","7024745","2019-02-28","2019","02","28","","-7.3","","-16.8","","-12.1","","30.1","","0.0","","","","","","0.0","","82","","","","",""
"-73.58","45.50","MCTAVISH","7024745","2019-03-01","2019","03","01","","-2.2","","-13.5","","-7.9","","25.9","","0.0","","","","","","0.0","","82","","","","",""
"-73.58","45.50","MCTAVISH","7024745","2019-03-02","2019","03","02","","-1.9","","-10.6","","-6.2","","24.2","","0.0","","","","","","0.0","","81","","","","",""
"-73.58","45.50","MCTAVISH","7024745","2019-03-03","2019","03","03","","-0.9","","-5.9","","-3.4","","21.4","","0.0","","","","","","0.3","","81","","","","",""
"-73.58","45.50","MCTAVISH","7024745","2019-03-04","2019","03","04","","-1.0","","-10.0","","-5.5","","23.5","","0.0","","","","","","0.2","","80","","","","",""
"-73.58","45.50","MCTAVISH","7024745","2019-03-05","2019","03","05","","-7.3","","-13.5","","-10.4","","28.4","","0.0","","","","","","0.2","","79","","20","","33",""
"-73.58","45.50","MCTAVISH","7024745","2019-03-06","2019","03","06","","-8.0","","-14.3","","-11.2","","29.2","","0.0","","","","","","0.2","","79","","","","",""
"-73.58","45.50","MCTAVISH","7024745","2019-03-07","2019","03","07","","-8.0","","-15.5","","-11.8","","29.8","","0.0","","","","","","0.0","","79","","","","",""
"-73.58","45.50","MCTAVISH","7024745","2019-03-08","2019","03","08","","-1.5","","-11.9","","-6.7","","24.7","","0.0","","","","","","0.0","","79","","19","","33",""
"-73.58","45.50","MCTAVISH","7024745","2019-03-09","2019","03","09","","-1.4","","-8.3","","-4.9","","22.9","","0.0","","","","","","0.0","","79","","","","",""
"-73.58","45.50","MCTAVISH","7024745","2019-03-10","2019","03","10","","2.2","","-7.8","","-2.8","","20.8","","0.0","","","","","","25.9","","79","","19","","31",""
"-73.58","45.50","MCTAVISH","7024745","2019-03-11","2019","03","11","","3.4","","-2.6","","0.4","","17.6","","0.0","","","","","","0.9","","90","","33","","36",""
"-73.58","45.50","MCTAVISH","7024745","2019-03-12","2019","03","12","","-1.1","","-5.8","","-3.5","","21.5","","0.0","","","","","","0.0","","87","","","","",""
"-73.58","45.50","MCTAVISH","7024745","2019-03-13","2019","03","13","","2.1","","-4.7","","-1.3","","19.3","","0.0","","","","","","1.3","","87","","","","",""
"-73.58","45.50","MCTAVISH","7024745","2019-03-14","2019","03","14","","8.1","","-0.7","","3.7","","14.3","","0.0","","","","","","0.0","","87","","","","",""
"-73.58","45.50","MCTAVISH","7024745","2019-03-15","2019","03","15","","10.9","","3.5","","7.2","","10.8","","0.0","","","","","","4.0","","79","","19","","42",""
"-73.58","45.50","MCTAVISH","7024745","2019-03-16","2019","03","16","","3.5","","-4.8","","-0.6","","18.6","","0.0","","","","","","0.2","","65","","25","","34",""
"-73.58","45.50","MCTAVISH","7024745","2019-03-17","2019","03","17","","-2.2","","-7.8","","-5.0","","23.0","","0.0","","","","","","0.0","","62","","","","",""
"-73.58","45.50","MCTAVISH","7024745","2019-03-18","2019","03","18","","-0.9","","-8.3","","-4.6","","22.6","","0.0","","","","","","0.0","","62","","","","",""
"-73.58","45.50","MCTAVISH","7024745","2019-03-19","2019","03","19","","0.8","","-8.4","","-3.8","","21.8","","0.0","","","","","","0.0","","60","","","","",""
"-73.58","45.50","MCTAVISH","7024745","2019-03-20","2019","03","20","","7.8","","-3.2","","2.3","","15.7","","0.0","","","","","","0.0","","60","","","","",""
"-73.58","45.50","MCTAVISH","7024745","2019-03-21","2019","03","21","","7.1","","2.5","","4.8","","13.2","","0.0","","","","","","9.2","","57","","","","",""
"-73.58","45.50","MCTAVISH","7024745","2019-03-22","2019","03","22","","3.4","","1.3","","2.3","","15.7","","0.0","","","","","","16.8","","53","","33","","45",""
"-73.58","45.50","MCTAVISH","7024745","2019-03-23","2019","03","23","","1.4","","-5.2","","-1.9","","19.9","","0.0","","","","","","2.3","","52","","36","","38",""
"-73.58","45.50","MCTAVISH","7024745","2019-03-24","2019","03","24","","4.0","","-4.0","","0.0","","18.0","","0.0","","","","","","0.5","","52","","","","",""
"-73.58","45.50","MCTAVISH","7024745","2019-03-25","2019","03","25","","-0.5","","-7.2","","-3.9","","21.9","","0.0","","","","","","0.0","","52","","21","","44",""
"-73.58","45.50","MCTAVISH","7024745","2019-03-26","2019","03","26","","0.0","","-7.1","","-3.6","","21.6","","0.0","","","","","","0.0","","50","","","","",""
"-73.58","45.50","MCTAVISH","7024745","2019-03-27","2019","03","27","","6.3","","-3.8","","1.2","","16.8","","0.0","","","","","","0.0","","50","","","","",""
"-73.58","45.50","MCTAVISH","7024745","2019-03-28","2019","03","28","","6.9","","1.3","","4.1","","13.9","","0.0","","","","","","1.0","","47","","","","",""
"-73.58","45.50","MCTAVISH","7024745","2019-03-29","2019","03","29","","7.6","","0.1","","3.8","","14.2","","0.0","","","","","","2.0","","42","","","","",""
"-73.58","45.50","MCTAVISH","7024745","2019-03-30","2019","03","30","","1.7","","-1.2","","0.2","","17.8","","0.0","","","","","","7.1","","38","","","","",""
"-73.58","45.50","MCTAVISH","7024745","2019-03-31","2019","03","31","","2.4","","-1.6","","0.4","","17.6","","0.0","","","","","","6.3","","37","","","","",""
"-73.58","45.50","MCTAVISH","7024745","2019-04-01","2019","04","01","","1.7","","-6.3","","-2.3","","20.3","","0.0","","","","","","0.0","","38","","27","","31",""
"-73.58","45.50","MCTAVISH","7024745","2019-04-02","2019","04","02","","8.8","","-1.8","","3.5","","14.5","","0.0","","","","","","0.0","","37","","","","",""
"-73.58","45.50","MCTAVISH","7024745","2019-04-03","2019","04","03","","9.4","","-0.5","","4.4","","13.6","","0.0","","","","","","0.0","","33","","22","","43",""
"-73.58","45.50","MCTAVISH","7024745","2019-04-04","2019","04","04","","1.8","","-3.1","","-0.6","","18.6","","0.0","","","","","","0.0","","30","","36","","36",""
"-73.58","45.50","MCTAVISH","7024745","2019-04-05","2019","04","05","","4.2","","-4.6","","-0.2","","18.2","","0.0","","","","","","3.5","","29","","","","",""
"-73.58","45.50","MCTAVISH","7024745","2019-04-06","2019","04","06","","7.4","","0.9","","4.2","","13.8","","0.0","","","","","","2.2","","28","","","","",""
"-73.58","45.50","MCTAVISH","7024745","2019-04-07","2019","04","07","","10.4","","2.0","","6.2","","11.8","","0.0","","","","","","0.5","","23","","","","",""
"-73.58","45.50","MCTAVISH","7024745","2019-04-08","2019","04","08","","2.1","","-2.4","","-0.2","","18.2","","0.0","","","","","","18.1","","15","","4","","32",""
"-73.58","45.50","MCTAVISH","7024745","2019-04-09","2019","04","09","","-0.4","","-2.7","","-1.6","","19.6","","0.0","","","","","","10.6","","16","","35","","33",""
"-73.58","45.50","MCTAVISH","7024745","2019-04-10","2019","04","10","","4.2","","-2.6","","0.8","","17.2","","0.0","","","","","","0.3","","25","","","","",""
"-73.58","45.50","MCTAVISH","7024745","2019-04-11","2019","04","11","","6.7","","-1.7","","2.5","","15.5","","0.0","","","","","","0.0","","20","","","","",""
"-73.58","45.50","MCTAVISH","7024745","2019-04-12","2019","04","12","","13.3","","2.9","","8.1","","9.9","","0.0","","","","","","0.0","","16","","","","",""
"-73.58","45.50","MCTAVISH","7024745","2019-04-13","2019","04","13","","16.9","","4.9","","10.9","","7.1","","0.0","","","","","","0.0","","8","","18","","40",""
"-73.58","45.50","MCTAVISH","7024745","2019-04-14","2019","04","14","","9.2","","2.3","","5.7","","12.3","","0.0","","","","","","6.0","","3","","","","",""
"-73.58","45.50","MCTAVISH","7024745","2019-04-15","2019","04","15","","5.4","","2.4","","3.9","","14.1","","0.0","","","","","","2.8","","2","","5","","31",""
"-73.58","45.50","MCTAVISH","7024745","2019-04-16","2019","04","16","","8.9","","1.8","","5.4","","12.6","","0.0","","","","","","0.0","","1","","2","","46",""
"-73.58","45.50","MCTAVISH","7024745","2019-04-17","2019","04","17","","13.8","","4.0","","8.9","","9.1","","0.0","","","","","","0.0","","","","","","",""
"-73.58","45.50","MCTAVISH","7024745","2019-04-18","2019","04","18","","14.6","","7.1","","10.8","","7.2","","0.0","","","","","","0.8","","","","20","","38",""
"-73.58","45.50","MCTAVISH","7024745","2019-04-19","2019","04","19","","13.2","","4.3","","8.8","","9.2","","0.0","","","","","","32.7","","","","36","","38",""
"-73.58","45.50","MCTAVISH","7024745","2019-04-20","2019","04","20","","6.6","","4.2","","5.4","","12.6","","0.0","","","","","","12.3","","","","2","","45",""
"-73.58","45.50","MCTAVISH","7024745","2019-04-21","2019","04","21","","17.3","","5.6","","11.4","","6.6","","0.0","","","","","","0.0","","","","","","",""
"-73.58","45.50","MCTAVISH","7024745","2019-04-22","2019","04","22","","17.9","","8.5","","13.2","","4.8","","0.0","","","","","","0.0","","","","3","","33",""
"-73.58","45.50","MCTAVISH","7024745","2019-04-23","2019","04","23","","16.7","","6.3","","11.5","","6.5","","0.0","","","","","","3.1","","","","","","",""
"-73.58","45.50","MCTAVISH","7024745","2019-04-24","2019","04","24","","7.9","","4.8","","6.4","","11.6","","0.0","","","","","","8.0","","","","17","","31",""
"-73.58","45.50","MCTAVISH","7024745","2019-04-25","2019","04","25","","11.0","","4.5","","7.7","","10.3","","0.0","","","","","","0.2","","","","","","",""
"-73.58","45.50","MCTAVISH","7024745","2019-04-26","2019","04","26","","10.7","","4.9","","7.8","","10.2","","0.0","","","","","","22.8","","","","","","",""
"-73.58","45.50","MCTAVISH","7024745","2019-04-27","2019","04","27","","8.1","","2.7","","5.4","","12.6","","0.0","","","","","","14.3","","","","17","","39",""
"-73.58","45.50","MCTAVISH","7024745","2019-04-28","2019","04","28","","9.6","","1.6","","5.6","","12.4","","0.0","","","","","","0.0","","","","","","",""
"-73.58","45.50","MCTAVISH","7024745","2019-04-29","2019","04","29","","9.6","","1.5","","5.6","","12.4","","0.0","","","","","","0.0","","","","","","",""
"-73.58","45.50","MCTAVISH","7024745","2019-04-30","2019","04","30","","13.8","","5.6","","9.7","","8.3","","0.0","","","","","","0.0","","","","","","",""
"-73.58","45.50","MCTAVISH","7024745","2019-05-01","2019","05","01","","8.0","","2.2","","5.1","","12.9","","0.0","","","","","","9.8","","","","","","",""
"-73.58","45.50","MCTAVISH","7024745","2019-05-02","2019","05","02","","9.5","","2.3","","5.9","","12.1","","0.0","","","","","","0.7","","","","1","","31",""
"-73.58","45.50","MCTAVISH","7024745","2019-05-03","2019","05","03","","9.5","","7.5","","8.5","","9.5","","0.0","","","","","","3.4","","","","","","",""
"-73.58","45.50","MCTAVISH","7024745","2019-05-04","2019","05","04","","16.4","","8.5","","12.4","","5.6","","0.0","","","","","","0.2","","","","","","",""
"-73.58","45.50","MCTAVISH","7024745","2019-05-05","2019","05","05","","20.0","","7.4","","13.7","","4.3","","0.0","","","","","","0.0","","","","","","",""
"-73.58","45.50","MCTAVISH","7024745","2019-05-06","2019","05","06","","23.2","","11.4","","17.3","","0.7","","0.0","","","","","","0.0","","","","","","",""
"-73.58","45.50","MCTAVISH","7024745","2019-05-07","2019","05","07","","17.8","","4.5","","11.2","","6.8","","0.0","","","","","","0.3","","","","3","","36",""
"-73.58","45.50","MCTAVISH","7024745","2019-05-08","2019","05","08","","13.6","","2.5","","8.1","","9.9","","0.0","","","","","","0.0","","","","35","","32",""
"-73.58","45.50","MCTAVISH","7024745","2019-05-09","2019","05","09","","16.5","","3.6","","10.1","","7.9","","0.0","","","","","","15.6","","","","16","","32",""
"-73.58","45.50","MCTAVISH","7024745","2019-05-10","2019","05","10","","17.1","","8.4","","12.8","","5.2","","0.0","","","","","","31.9","","","","","","",""
"-73.58","45.50","MCTAVISH","7024745","2019-05-11","2019","05","11","","13.4","","5.9","","9.7","","8.3","","0.0","","","","","","0.2","","","","36","","31",""
"-73.58","45.50","MCTAVISH","7024745","2019-05-12","2019","05","12","","16.5","","7.8","","12.1","","5.9","","0.0","","","","","","0.0","","","","","","",""
"-73.58","45.50","MCTAVISH","7024745","2019-05-13","2019","05","13","","16.0","","6.8","","11.4","","6.6","","0.0","","","","","","3.4","","","","","","",""
"-73.58","45.50","MCTAVISH","7024745","2019-05-14","2019","05","14","","8.3","","5.4","","6.8","","11.2","","0.0","","","","","","7.7","","","","","","",""
"-73.58","45.50","MCTAVISH","7024745","2019-05-15","2019","05","15","","15.2","","6.5","","10.9","","7.1","","0.0","","","","","","0.2","","","","","","",""
"-73.58","45.50","MCTAVISH","7024745","2019-05-16","2019","05","16","","16.8","","7.4","","12.1","","5.9","","0.0","","","","","","0.0","","","","","","",""
"-73.58","45.50","MCTAVISH","7024745","2019-05-17","2019","05","17","","15.3","","9.4","","12.4","","5.6","","0.0","","","","","","0.5","","","","","","",""
"-73.58","45.50","MCTAVISH","7024745","2019-05-18","2019","05","18","","15.1","","8.4","","11.7","","6.3","","0.0","","","","","","0.0","","","","","","",""
"-73.58","45.50","MCTAVISH","7024745","2019-05-19","2019","05","19","","17.7","","10.0","","13.8","","4.2","","0.0","","","","","","10.9","","","","","","",""
"-73.58","45.50","MCTAVISH","7024745","2019-05-20","2019","05","20","","23.0","","9.8","","16.4","","1.6","","0.0","","","","","","0.2","","","","18","","39",""
"-73.58","45.50","MCTAVISH","7024745","2019-05-21","2019","05","21","","16.3","","7.7","","12.0","","6.0","","0.0","","","","","","0.0","","","","34","","49",""
"-73.58","45.50","MCTAVISH","7024745","2019-05-22","2019","05","22","","19.7","","9.0","","14.3","","3.7","","0.0","","","","","","0.0","","","","3","","34",""
"-73.58","45.50","MCTAVISH","7024745","2019-05-23","2019","05","23","","21.0","","11.9","","16.5","","1.5","","0.0","","","","","","","M","","","","","",""
"-73.58","45.50","MCTAVISH","7024745","2019-05-24","2019","05","24","","17.2","","11.3","","14.3","","3.7","","0.0","","","","","","1.1","","","","","","",""
"-73.58","45.50","MCTAVISH","7024745","2019-05-25","2019","05","25","","21.3","","12.6","","16.9","","1.1","","0.0","","","","","","0.0","","","","19","","37",""
"-73.58","45.50","MCTAVISH","7024745","2019-05-26","2019","05","26","","24.5","","14.1","","19.3","","0.0","","1.3","","","","","","0.3","","","","1","","31",""
"-73.58","45.50","MCTAVISH","7024745","2019-05-27","2019","05","27","","16.9","","10.0","","13.4","","4.6","","0.0","","","","","","0.0","","","","","","",""
"-73.58","45.50","MCTAVISH","7024745","2019-05-28","2019","05","28","","12.7","","9.6","","11.2","","6.8","","0.0","","","","","","0.3","","","","","","",""
"-73.58","45.50","MCTAVISH","7024745","2019-05-29","2019","05","29","","16.3","","8.9","","12.6","","5.4","","0.0","","","","","","0.0","","","","","","",""
"-73.58","45.50","MCTAVISH","7024745","2019-05-30","2019","05","30","","23.0","","11.9","","17.4","","0.6","","0.0","","","","","","0.9","","","","16","","34",""
"-73.58","45.50","MCTAVISH","7024745","2019-05-31","2019","05","31","","15.5","","8.5","","12.0","","6.0","","0.0","","","","","","0.0","","","","","","",""
"-73.58","45.50","MCTAVISH","7024745","2019-06-01","2019","06","01","","19.3","","10.9","","15.1","","2.9","","0.0","","","","","","1.0","","","","","","",""
"-73.58","45.50","MCTAVISH","7024745","2019-06-02","2019","06","02","","18.3","","11.8","","15.1","","2.9","","0.0","","","","","","8.4","","","","","","",""
"-73.58","45.50","MCTAVISH","7024745","2019-06-03","2019","06","03","","13.0","","9.3","","11.1","","6.9","","0.0","","","","","","0.0","","","","26","","34",""
"-73.58","45.50","MCTAVISH","7024745","2019-06-04","2019","06","04","","17.9","","7.6","","12.7","","5.3","","0.0","","","","","","0.0","","","","21","","34",""
"-73.58","45.50","MCTAVISH","7024745","2019-06-05","2019","06","05","","19.3","","10.0","","14.7","","3.3","","0.0","","","","","","0.0","","","","","","",""
"-73.58","45.50","MCTAVISH","7024745","2019-06-06","2019","06","06","","23.7","","13.4","","18.6","","0.0","","0.6","","","","","","0.0","","","","","","",""
"-73.58","45.50","MCTAVISH","7024745","2019-06-07","2019","06","07","","26.2","","12.8","","19.5","","0.0","","1.5","","","","","","0.0","","","","35","","33",""
"-73.58","45.50","MCTAVISH","7024745","2019-06-08","2019","06","08","","23.7","","12.7","","18.2","","0.0","","0.2","","","","","","0.0","","","","","","",""
"-73.58","45.50","MCTAVISH","7024745","2019-06-09","2019","06","09","","29.8","","15.8","","22.8","","0.0","","4.8","","","","","","0.0","","","","","","",""
"-73.58","45.50","MCTAVISH","7024745","2019-06-10","2019","06","10","","30.2","","16.9","","23.5","","0.0","","5.5","","","","","","3.6","","","","17","","35",""
"-73.58","45.50","MCTAVISH","7024745","2019-06-11","2019","06","11","","19.2","","13.5","","16.3","","1.7","","0.0","","","","","","20.0","","","","35","","35",""
"-73.58","45.50","MCTAVISH","7024745","2019-06-12","2019","06","12","","24.3","","12.3","","18.3","","0.0","","0.3","","","","","","0.0","","","","19","","34",""
"-73.58","45.50","MCTAVISH","7024745","2019-06-13","2019","06","13","","20.1","","13.1","","16.6","","1.4","","0.0","","","","","","1.7","","","","21","","34",""
"-73.58","45.50","MCTAVISH","7024745","2019-06-14","2019","06","14","","17.0","","13.2","","15.1","","2.9","","0.0","","","","","","9.8","","","","","","",""
"-73.58","45.50","MCTAVISH","7024745","2019-06-15","2019","06","15","","21.2","","14.1","","17.6","","0.4","","0.0","","","","","","10.0","","","","22","","34",""
"-73.58","45.50","MCTAVISH","7024745","2019-06-16","2019","06","16","","20.5","","13.2","","16.9","","1.1","","0.0","","","","","","0.0","","","","","","",""
"-73.58","45.50","MCTAVISH","7024745","2019-06-17","2019","06","17","","23.5","","13.3","","18.4","","0.0","","0.4","","","","","","0.0","","","","","","",""
"-73.58","45.50","MCTAVISH","7024745","2019-06-18","2019","06","18","","26.4","","15.1","","20.8","","0.0","","2.8","","","","","","0.0","","","","","","",""
"-73.58","45.50","MCTAVISH","7024745","2019-06-19","2019","06","19","","28.1","","17.5","","22.8","","0.0","","4.8","","","","","","0.0","","","","","","",""
"-73.58","45.50","MCTAVISH","7024745","2019-06-20","2019","06","20","","18.1","","15.6","","16.9","","1.1","","0.0","","","","","","15.3","","","","","","",""
"-73.58","45.50","MCTAVISH","7024745","2019-06-21","2019","06","21","","25.0","","15.3","","20.1","","0.0","","2.1","","","","","","0.0","","","","4","","34",""
"-73.58","45.50","MCTAVISH","7024745","2019-06-22","2019","06","22","","26.4","","16.6","","21.5","","0.0","","3.5","","","","","","0.0","","","","2","","38",""
"-73.58","45.50","MCTAVISH","7024745","2019-06-23","2019","06","23","","27.7","","18.5","","23.1","","0.0","","5.1","","","","","","0.0","","","","35","","38",""
"-73.58","45.50","MCTAVISH","7024745","2019-06-24","2019","06","24","","26.2","","16.2","","21.2","","0.0","","3.2","","","","","","0.0","","","","","","",""
"-73.58","45.50","MCTAVISH","7024745","2019-06-25","2019","06","25","","24.4","","16.1","","20.3","","0.0","","2.3","","","","","","15.3","","","","","","",""
"-73.58","45.50","MCTAVISH","7024745","2019-06-26","2019","06","26","","28.0","","17.8","","22.9","","0.0","","4.9","","","","","","0.0","","","","","","",""
"-73.58","45.50","MCTAVISH","7024745","2019-06-27","2019","06","27","","28.9","","19.1","","24.0","","0.0","","6.0","","","","","","0.0","","","","35","","34",""
"-73.58","45.50","MCTAVISH","7024745","2019-06-28","2019","06","28","","30.1","","19.1","","24.6","","0.0","","6.6","","","","","","0.0","","","","","","",""
"-73.58","45.50","MCTAVISH","7024745","2019-06-29","2019","06","29","","28.2","","17.5","","22.9","","0.0","","4.9","","","","","","3.1","","","","31","","102",""
"-73.58","45.50","MCTAVISH","7024745","2019-06-30","2019","06","30","","23.6","","15.7","","19.6","","0.0","","1.6","","","","","","12.5","","","","34","","48",""
"-73.58","45.50","MCTAVISH","7024745","2019-07-01","2019","07","01","","27.1","","18.0","","22.6","","0.0","","4.6","","","","","","0.0","","","","","","",""
"-73.58","45.50","MCTAVISH","7024745","2019-07-02","2019","07","02","","29.9","","19.6","","24.7","","0.0","","6.7","","","","","","0.0","","","","","","",""
"-73.58","45.50","MCTAVISH","7024745","2019-07-03","2019","07","03","","31.4","","20.6","","26.0","","0.0","","8.0","","","","","","0.0","","","","","","",""
"-73.58","45.50","MCTAVISH","7024745","2019-07-04","2019","07","04","","32.9","","20.8","","26.9","","0.0","","8.9","","","","","","0.0","","","","","","",""
"-73.58","45.50","MCTAVISH","7024745","2019-07-05","2019","07","05","","30.0","","22.1","","26.0","","0.0","","8.0","","","","","","0.3","","","","","","",""
"-73.58","45.50","MCTAVISH","7024745","2019-07-06","2019","07","06","","29.6","","18.1","","23.9","","0.0","","5.9","","","","","","1.0","","","","36","","34",""
"-73.58","45.50","MCTAVISH","7024745","2019-07-07","2019","07","07","","25.4","","15.8","","20.6","","0.0","","2.6","","","","","","0.0","","","","","","",""
"-73.58","45.50","MCTAVISH","7024745","2019-07-08","2019","07","08","","27.7","","16.2","","21.9","","0.0","","3.9","","","","","","0.0","","","","","","",""
"-73.58","45.50","MCTAVISH","7024745","2019-07-09","2019","07","09","","30.3","","18.7","","24.5","","0.0","","6.5","","","","","","0.0","","","","","","",""
"-73.58","45.50","MCTAVISH","7024745","2019-07-10","2019","07","10","","31.1","","20.7","","25.9","","0.0","","7.9","","","","","","0.0","","","","","","",""
"-73.58","45.50","MCTAVISH","7024745","2019-07-11","2019","07","11","","28.4","","18.8","","23.6","","0.0","","5.6","","","","","","37.7","","","","2","","50",""
"-73.58","45.50","MCTAVISH","7024745","2019-07-12","2019","07","12","","25.9","","19.6","","22.8","","0.0","","4.8","","","","","","0.0","","","","","","",""
"-73.58","45.50","MCTAVISH","7024745","2019-07-13","2019","07","13","","27.4","","17.3","","22.3","","0.0","","4.3","","","","","","2.2","","","","","","",""
"-73.58","45.50","MCTAVISH","7024745","2019-07-14","2019","07","14","","24.5","","18.1","","21.3","","0.0","","3.3","","","","","","1.2","","","","","","",""
"-73.58","45.50","MCTAVISH","7024745","2019-07-15","2019","07","15","","27.3","","17.6","","22.4","","0.0","","4.4","","","","","","0.0","","","","","","",""
"-73.58","45.50","MCTAVISH","7024745","2019-07-16","2019","07","16","","28.6","","18.5","","23.6","","0.0","","5.6","","","","","","0.0","","","","","","",""
"-73.58","45.50","MCTAVISH","7024745","2019-07-17","2019","07","17","","28.9","","20.0","","24.4","","0.0","","6.4","","","","","","0.0","","","","","","",""
"-73.58","45.50","MCTAVISH","7024745","2019-07-18","2019","07","18","","27.7","","16.4","","22.0","","0.0","","4.0","","","","","","0.0","","","","","","",""
"-73.58","45.50","MCTAVISH","7024745","2019-07-19","2019","07","19","","31.4","","21.5","","26.5","","0.0","","8.5","","","","","","1.3","","","","18","","31",""
"-73.58","45.50","MCTAVISH","7024745","2019-07-20","2019","07","20","","33.1","","23.3","","28.2","","0.0","","10.2","","","","","","0.0","","","","","","",""
"-73.58","45.50","MCTAVISH","7024745","2019-07-21","2019","07","21","","30.0","","20.6","","25.3","","0.0","","7.3","","","","","","0.0","","","","34","","36",""
"-73.58","45.50","MCTAVISH","7024745","2019-07-22","2019","07","22","","23.5","","18.2","","20.8","","0.0","","2.8","","","","","","0.0","","","","","","",""
"-73.58","45.50","MCTAVISH","7024745","2019-07-23","2019","07","23","","26.1","","17.4","","21.8","","0.0","","3.8","","","","","","0.0","","","","","","",""
"-73.58","45.50","MCTAVISH","7024745","2019-07-24","2019","07","24","","24.3","","15.6","","20.0","","0.0","","2.0","","","","","","0.0","","","","","","",""
"-73.58","45.50","MCTAVISH","7024745","2019-07-25","2019","07","25","","28.2","","15.9","","22.0","","0.0","","4.0","","","","","","0.0","","","","","","",""
"-73.58","45.50","MCTAVISH","7024745","2019-07-26","2019","07","26","","31.0","","19.2","","25.1","","0.0","","7.1","","","","","","0.0","","","","","","",""
"-73.58","45.50","MCTAVISH","7024745","2019-07-27","2019","07","27","","31.6","","21.6","","26.6","","0.0","","8.6","","","","","","0.0","","","","","","",""
"-73.58","45.50","MCTAVISH","7024745","2019-07-28","2019","07","28","","29.7","","22.2","","25.9","","0.0","","7.9","","","","","","0.0","","","","","","",""
"-73.58","45.50","MCTAVISH","7024745","2019-07-29","2019","07","29","","31.0","","22.0","","26.5","","0.0","","8.5","","","","","","0.0","","","","","","",""
"-73.58","45.50","MCTAVISH","7024745","2019-07-30","2019","07","30","","31.2","","23.7","","27.4","","0.0","","9.4","","","","","","0.0","","","","26","","34",""
"-73.58","45.50","MCTAVISH","7024745","2019-07-31","2019","07","31","","30.4","","20.4","","25.4","","0.0","","7.4","","","","","","0.0","","","","","","",""
"-73.58","45.50","MCTAVISH","7024745","2019-08-01","2019","08","01","","27.7","","18.5","","23.1","","0.0","","5.1","","","","","","0.0","","","","","","",""
"-73.58","45.50","MCTAVISH","7024745","2019-08-02","2019","08","02","","29.2","","19.4","","24.3","","0.0","","6.3","","","","","","0.0","","","","","","",""
"-73.58","45.50","MCTAVISH","7024745","2019-08-03","2019","08","03","","27.8","","18.8","","23.3","","0.0","","5.3","","","","","","0.0","","","","","","",""
"-73.58","45.50","MCTAVISH","7024745","2019-08-04","2019","08","04","","24.3","","15.0","","19.7","","0.0","","1.7","","","","","","0.0","","","","","","",""
"-73.58","45.50","MCTAVISH","7024745","2019-08-05","2019","08","05","","27.3","","14.7","","21.0","","0.0","","3.0","","","","","","0.0","","","","","","",""
"-73.58","45.50","MCTAVISH","7024745","2019-08-06","2019","08","06","","30.7","","17.9","","24.3","","0.0","","6.3","","","","","","0.0","","","","","","",""
"-73.58","45.50","MCTAVISH","7024745","2019-08-07","2019","08","07","","24.7","","21.8","","23.2","","0.0","","5.2","","","","","","0.2","","","","","","",""
"-73.58","45.50","MCTAVISH","7024745","2019-08-08","2019","08","08","","28.5","","19.5","","24.0","","0.0","","6.0","","","","","","5.4","","","","32","","36",""
"-73.58","45.50","MCTAVISH","7024745","2019-08-09","2019","08","09","","25.4","","15.4","","20.4","","0.0","","2.4","","","","","","8.5","","","","32","","45",""
"-73.58","45.50","MCTAVISH","7024745","2019-08-10","2019","08","10","","21.2","","14.5","","17.9","","0.1","","0.0","","","","","","0.2","","","","","","",""
"-73.58","45.50","MCTAVISH","7024745","2019-08-11","2019","08","11","","26.3","","15.0","","20.7","","0.0","","2.7","","","","","","0.0","","","","","","",""
"-73.58","45.50","MCTAVISH","7024745","2019-08-12","2019","08","12","","27.0","","17.9","","22.5","","0.0","","4.5","","","","","","2.0","","","","","","",""
"-73.58","45.50","MCTAVISH","7024745","2019-08-13","2019","08","13","","26.8","","17.4","","22.1","","0.0","","4.1","","","","","","0.0","","","","","","",""
"-73.58","45.50","MCTAVISH","7024745","2019-08-14","2019","08","14","","24.2","","15.1","","19.7","","0.0","","1.7","","","","","","0.0","","","","","","",""
"-73.58","45.50","MCTAVISH","7024745","2019-08-15","2019","08","15","","24.3","","13.9","","19.1","","0.0","","1.1","","","","","","0.6","","","","","","",""
"-73.58","45.50","MCTAVISH","7024745","2019-08-16","2019","08","16","","26.3","","14.9","","20.6","","0.0","","2.6","","","","","","2.0","","","","","","",""
"-73.58","45.50","MCTAVISH","7024745","2019-08-17","2019","08","17","","27.6","","18.6","","23.1","","0.0","","5.1","","","","","","19.3","","","","","","",""
"-73.58","45.50","MCTAVISH","7024745","2019-08-18","2019","08","18","","27.3","","20.4","","23.8","","0.0","","5.8","","","","","","0.0","","","","","","",""
"-73.58","45.50","MCTAVISH","7024745","2019-08-19","2019","08","19","","28.9","","20.3","","24.6","","0.0","","6.6","","","","","","0.0","","","","21","","33",""
"-73.58","45.50","MCTAVISH","7024745","2019-08-20","2019","08","20","","28.2","","18.3","","23.2","","0.0","","5.2","","","","","","0.0","","","","","","",""
"-73.58","45.50","MCTAVISH","7024745","2019-08-21","2019","08","21","","24.3","","19.5","","21.9","","0.0","","3.9","","","","","","3.7","","","","","","",""
"-73.58","45.50","MCTAVISH","7024745","2019-08-22","2019","08","22","","26.4","","17.0","","21.7","","0.0","","3.7","","","","","","0.0","","","","","","",""
"-73.58","45.50","MCTAVISH","7024745","2019-08-23","2019","08","23","","22.6","","15.0","","18.8","","0.0","","0.8","","","","","","0.0","","","","","","",""
"-73.58","45.50","MCTAVISH","7024745","2019-08-24","2019","08","24","","22.2","","14.5","","18.4","","0.0","","0.4","","","","","","0.0","","","","","","",""
"-73.58","45.50","MCTAVISH","7024745","2019-08-25","2019","08","25","","24.9","","13.4","","19.2","","0.0","","1.2","","","","","","0.0","","","","","","",""
"-73.58","45.50","MCTAVISH","7024745","2019-08-26","2019","08","26","","26.5","","14.6","","20.5","","0.0","","2.5","","","","","","0.0","","","","","","",""
"-73.58","45.50","MCTAVISH","7024745","2019-08-27","2019","08","27","","25.7","","15.8","","20.7","","0.0","","2.7","","","","","","0.0","","","","","","",""
"-73.58","45.50","MCTAVISH","7024745","2019-08-28","2019","08","28","","21.1","","18.4","","19.7","","0.0","","1.7","","","","","","15.7","","","","","","",""
"-73.58","45.50","MCTAVISH","7024745","2019-08-29","2019","08","29","","24.3","","17.4","","20.9","","0.0","","2.9","","","","","","0.0","","","","","","",""
"-73.58","45.50","MCTAVISH","7024745","2019-08-30","2019","08","30","","24.1","","15.5","","19.8","","0.0","","1.8","","","","","","6.9","","","","","","",""
"-73.58","45.50","MCTAVISH","7024745","2019-08-31","2019","08","31","","21.6","","13.8","","17.7","","0.3","","0.0","","","","","","0.0","","","","1","","35",""
"-73.58","45.50","MCTAVISH","7024745","2019-09-01","2019","09","01","","22.7","","11.7","","17.2","","0.8","","0.0","","","","","","4.3","","","","","","",""
"-73.58","45.50","MCTAVISH","7024745","2019-09-02","2019","09","02","","20.8","","13.9","","17.4","","0.6","","0.0","","","","","","32.0","","","","","","",""
"-73.58","45.50","MCTAVISH","7024745","2019-09-03","2019","09","03","","19.7","","12.7","","16.2","","1.8","","0.0","","","","","","0.0","","","","","","",""
"-73.58","45.50","MCTAVISH","7024745","2019-09-04","2019","09","04","","23.4","","14.2","","18.8","","0.0","","0.8","","","","","","22.7","","","","36","","34",""
"-73.58","45.50","MCTAVISH","7024745","2019-09-05","2019","09","05","","20.6","","12.2","","16.4","","1.6","","0.0","","","","","","0.0","","","","","","",""
"-73.58","45.50","MCTAVISH","7024745","2019-09-06","2019","09","06","","22.2","","13.0","","17.6","","0.4","","0.0","","","","","","0.0","","","","","","",""
"-73.58","45.50","MCTAVISH","7024745","2019-09-07","2019","09","07","","19.8","","12.6","","16.2","","1.8","","0.0","","","","","","10.7","","","","","","",""
"-73.58","45.50","MCTAVISH","7024745","2019-09-08","2019","09","08","","18.3","","10.9","","14.6","","3.4","","0.0","","","","","","0.0","","","","","","",""
"-73.58","45.50","MCTAVISH","7024745","2019-09-09","2019","09","09","","17.9","","10.1","","14.0","","4.0","","0.0","","","","","","0.0","","","","","","",""
"-73.58","45.50","MCTAVISH","7024745","2019-09-10","2019","09","10","","18.9","","9.3","","14.1","","3.9","","0.0","","","","","","3.0","","","","","","",""
"-73.58","45.50","MCTAVISH","7024745","2019-09-11","2019","09","11","","26.2","","13.7","","19.9","","0.0","","1.9","","","","","","2.2","","","","","","",""
"-73.58","45.50","MCTAVISH","7024745","2019-09-12","2019","09","12","","19.7","","11.8","","15.7","","2.3","","0.0","","","","","","0.0","","","","","","",""
"-73.58","45.50","MCTAVISH","7024745","2019-09-13","2019","09","13","","20.6","","9.4","","15.0","","3.0","","0.0","","","","","","0.0","","","","21","","32",""
"-73.58","45.50","MCTAVISH","7024745","2019-09-14","2019","09","14","","23.0","","13.4","","18.2","","0.0","","0.2","","","","","","7.4","","","","20","","43",""
"-73.58","45.50","MCTAVISH","7024745","2019-09-15","2019","09","15","","17.4","","12.1","","14.7","","3.3","","0.0","","","","","","0.0","","","","","","",""
"-73.58","45.50","MCTAVISH","7024745","2019-09-16","2019","09","16","","21.3","","11.6","","16.5","","1.5","","0.0","","","","","","0.0","","","","","","",""
"-73.58","45.50","MCTAVISH","7024745","2019-09-17","2019","09","17","","18.9","","11.3","","15.1","","2.9","","0.0","","","","","","0.0","","","","","","",""
"-73.58","45.50","MCTAVISH","7024745","2019-09-18","2019","09","18","","18.3","","9.9","","14.1","","3.9","","0.0","","","","","","0.0","","","","","","",""
"-73.58","45.50","MCTAVISH","7024745","2019-09-19","2019","09","19","","21.7","","8.3","","15.0","","3.0","","0.0","","","","","","0.0","","","","","","",""
"-73.58","45.50","MCTAVISH","7024745","2019-09-20","2019","09","20","","24.4","","13.6","","19.0","","0.0","","1.0","","","","","","0.0","","","","","","",""
"-73.58","45.50","MCTAVISH","7024745","2019-09-21","2019","09","21","","26.4","","15.6","","21.0","","0.0","","3.0","","","","","","0.4","","","","","","",""
"-73.58","45.50","MCTAVISH","7024745","2019-09-22","2019","09","22","","26.2","","17.5","","21.8","","0.0","","3.8","","","","","","0.0","","","","","","",""
"-73.58","45.50","MCTAVISH","7024745","2019-09-23","2019","09","23","","25.3","","16.0","","20.6","","0.0","","2.6","","","","","","3.4","","","","","","",""
"-73.58","45.50","MCTAVISH","7024745","2019-09-24","2019","09","24","","16.4","","11.8","","14.1","","3.9","","0.0","","","","","","1.2","","","","","","",""
"-73.58","45.50","MCTAVISH","7024745","2019-09-25","2019","09","25","","19.7","","11.1","","15.4","","2.6","","0.0","","","","","","0.6","","","","","","",""
"-73.58","45.50","MCTAVISH","7024745","2019-09-26","2019","09","26","","18.1","","11.5","","14.8","","3.2","","0.0","","","","","","11.4","","","","30","","64",""
"-73.58","45.50","MCTAVISH","7024745","2019-09-27","2019","09","27","","19.6","","10.5","","15.1","","2.9","","0.0","","","","","","0.0","","","","","","",""
"-73.58","45.50","MCTAVISH","7024745","2019-09-28","2019","09","28","","18.1","","12.3","","15.2","","2.8","","0.0","","","","","","5.4","","","","2","","32",""
"-73.58","45.50","MCTAVISH","7024745","2019-09-29","2019","09","29","","14.1","","7.9","","11.0","","7.0","","0.0","","","","","","0.2","","","","","","",""
"-73.58","45.50","MCTAVISH","7024745","2019-09-30","2019","09","30","","13.5","","6.0","","9.7","","8.3","","0.0","","","","","","4.5","","","","","","",""
"-73.58","45.50","MCTAVISH","7024745","2019-10-01","2019","10","01","","17.6","","8.7","","13.1","","4.9","","0.0","","","","","","49.9","","","","23","","85",""
"-73.58","45.50","MCTAVISH","7024745","2019-10-02","2019","10","02","","17.3","","5.8","","11.6","","6.4","","0.0","","","","","","0.0","","","","","","",""
"-73.58","45.50","MCTAVISH","7024745","2019-10-03","2019","10","03","","10.3","","3.9","","7.1","","10.9","","0.0","","","","","","4.9","","","","","","",""
"-73.58","45.50","MCTAVISH","7024745","2019-10-04","2019","10","04","","10.9","","5.1","","8.0","","10.0","","0.0","","","","","","0.5","","","","","","",""
"-73.58","45.50","MCTAVISH","7024745","2019-10-05","2019","10","05","","12.6","","3.8","","8.2","","9.8","","0.0","","","","","","0.0","","","","","","",""
"-73.58","45.50","MCTAVISH","7024745","2019-10-06","2019","10","06","","16.3","","6.6","","11.5","","6.5","","0.0","","","","","","0.0","","","","","","",""
"-73.58","45.50","MCTAVISH","7024745","2019-10-07","2019","10","07","","16.7","","11.6","","14.2","","3.8","","0.0","","","","","","10.7","","","","","","",""
"-73.58","45.50","MCTAVISH","7024745","2019-10-08","2019","10","08","","16.9","","8.4","","12.7","","5.3","","0.0","","","","","","0.3","","","","","","",""
"-73.58","45.50","MCTAVISH","7024745","2019-10-09","2019","10","09","","16.1","","6.4","","11.3","","6.7","","0.0","","","","","","0.0","","","","","","",""
"-73.58","45.50","MCTAVISH","7024745","2019-10-10","2019","10","10","","18.2","","7.8","","13.0","","5.0","","0.0","","","","","","0.0","","","","","","",""
"-73.58","45.50","MCTAVISH","7024745","2019-10-11","2019","10","11","","19.5","","7.5","","13.5","","4.5","","0.0","","","","","","0.0","","","","","","",""
"-73.58","45.50","MCTAVISH","7024745","2019-10-12","2019","10","12","","18.0","","8.3","","13.2","","4.8","","0.0","","","","","","0.2","","","","","","",""
"-73.58","45.50","MCTAVISH","7024745","2019-10-13","2019","10","13","","15.8","","6.8","","11.3","","6.7","","0.0","","","","","","0.3","","","","","","",""
"-73.58","45.50","MCTAVISH","7024745","2019-10-14","2019","10","14","","14.8","","6.9","","10.8","","7.2","","0.0","","","","","","0.0","","","","","","",""
"-73.58","45.50","MCTAVISH","7024745","2019-10-15","2019","10","15","","13.4","","5.3","","9.3","","8.7","","0.0","","","","","","0.0","","","","20","","31",""
"-73.58","45.50","MCTAVISH","7024745","2019-10-16","2019","10","16","","","M","","M","","M","","M","","M","","","","","","M","","","","M","","M"
"-73.58","45.50","MCTAVISH","7024745","2019-10-17","2019","10","17","","9.2","","6.6","","7.9","","10.1","","0.0","","","","","","64.8","","","","2","","56",""
"-73.58","45.50","MCTAVISH","7024745","2019-10-18","2019","10","18","","8.9","","4.9","","6.9","","11.1","","0.0","","","","","","0.0","","","","","","",""
"-73.58","45.50","MCTAVISH","7024745","2019-10-19","2019","10","19","","11.1","","3.0","","7.0","","11.0","","0.0","","","","","","0.0","","","","","","",""
"-73.58","45.50","MCTAVISH","7024745","2019-10-20","2019","10","20","","11.7","","2.8","","7.3","","10.7","","0.0","","","","","","0.0","","","","","","",""
"-73.58","45.50","MCTAVISH","7024745","2019-10-21","2019","10","21","","15.4","","4.2","","9.8","","8.2","","0.0","","","","","","0.0","","","","","","",""
"-73.58","45.50","MCTAVISH","7024745","2019-10-22","2019","10","22","","16.5","","8.3","","12.4","","5.6","","0.0","","","","","","19.1","","","","","","",""
"-73.58","45.50","MCTAVISH","7024745","2019-10-23","2019","10","23","","15.2","","10.2","","12.7","","5.3","","0.0","","","","","","6.6","","","","","","",""
"-73.58","45.50","MCTAVISH","7024745","2019-10-24","2019","10","24","","13.5","","7.5","","10.5","","7.5","","0.0","","","","","","0.0","","","","","","",""
"-73.58","45.50","MCTAVISH","7024745","2019-10-25","2019","10","25","","9.4","","4.9","","7.2","","10.8","","0.0","","","","","","0.0","","","","","","",""
"-73.58","45.50","MCTAVISH","7024745","2019-10-26","2019","10","26","","11.9","","4.9","","8.4","","9.6","","0.0","","","","","","0.0","","","","","","",""
"-73.58","45.50","MCTAVISH","7024745","2019-10-27","2019","10","27","","9.8","","6.3","","8.0","","10.0","","0.0","","","","","","44.4","","","","9","","31",""
"-73.58","45.50","MCTAVISH","7024745","2019-10-28","2019","10","28","","12.3","","8.7","","10.5","","7.5","","0.0","","","","","","0.7","","","","","","",""
"-73.58","45.50","MCTAVISH","7024745","2019-10-29","2019","10","29","","16.8","","9.8","","13.3","","4.7","","0.0","","","","","","0.0","","","","","","",""
"-73.58","45.50","MCTAVISH","7024745","2019-10-30","2019","10","30","","15.7","","8.8","","12.3","","5.7","","0.0","","","","","","0.0","","","","","","",""
"-73.58","45.50","MCTAVISH","7024745","2019-10-31","2019","10","31","","16.0","","7.4","","11.7","","6.3","","0.0","","","","","","58.8","","","","4","","34",""
"-73.58","45.50","MCTAVISH","7024745","2019-11-01","2019","11","01","","10.7","","2.1","","6.4","","11.6","","0.0","","","","","","4.2","","","","19","","58",""
"-73.58","45.50","MCTAVISH","7024745","2019-11-02","2019","11","02","","6.2","","0.7","","3.5","","14.5","","0.0","","","","","","0.0","","","","","","",""
"-73.58","45.50","MCTAVISH","7024745","2019-11-03","2019","11","03","","7.3","","3.0","","5.2","","12.8","","0.0","","","","","","0.0","","","","","","",""
"-73.58","45.50","MCTAVISH","7024745","2019-11-04","2019","11","04","","8.8","","1.9","","5.4","","12.6","","0.0","","","","","","0.0","","","","","","",""
"-73.58","45.50","MCTAVISH","7024745","2019-11-05","2019","11","05","","8.8","","4.0","","6.4","","11.6","","0.0","","","","","","7.7","","","","","","",""
"-73.58","45.50","MCTAVISH","7024745","2019-11-06","2019","11","06","","4.7","","1.0","","2.9","","15.1","","0.0","","","","","","1.4","","","","24","","31",""
"-73.58","45.50","MCTAVISH","7024745","2019-11-07","2019","11","07","","1.3","","-2.3","","-0.5","","18.5","","0.0","","","","","","9.1","","","","","","",""
"-73.58","45.50","MCTAVISH","7024745","2019-11-08","2019","11","08","","-0.2","","-4.8","","-2.5","","20.5","","0.0","","","","","","0.5","","","","","","",""
"-73.58","45.50","MCTAVISH","7024745","2019-11-09","2019","11","09","","1.8","","-4.9","","-1.6","","19.6","","0.0","","","","","","0.0","","","","","","",""
"-73.58","45.50","MCTAVISH","7024745","2019-11-10","2019","11","10","","6.3","","-1.7","","2.3","","15.7","","0.0","","","","","","0.0","","","","","","",""
"-73.58","45.50","MCTAVISH","7024745","2019-11-11","2019","11","11","","-1.7","","-7.1","","-4.4","","22.4","","0.0","","","","","","8.8","","","","7","","32",""
"-73.58","45.50","MCTAVISH","7024745","2019-11-12","2019","11","12","","-4.4","","-11.1","","-7.8","","25.8","","0.0","","","","","","7.5","","16","","36","","33",""
"-73.58","45.50","MCTAVISH","7024745","2019-11-13","2019","11","13","","-6.5","","-12.8","","-9.7","","27.7","","0.0","","","","","","0.0","","15","","","","",""
"-73.58","45.50","MCTAVISH","7024745","2019-11-14","2019","11","14","","0.8","","-9.2","","-4.2","","22.2","","0.0","","","","","","0.2","","14","","","","",""
"-73.58","45.50","MCTAVISH","7024745","2019-11-15","2019","11","15","","2.7","","-9.6","","-3.5","","21.5","","0.0","","","","","","1.2","","13","","36","","37",""
"-73.58","45.50","MCTAVISH","7024745","2019-11-16","2019","11","16","","-5.2","","-12.1","","-8.6","","26.6","","0.0","","","","","","0.2","","14","","","","",""
"-73.58","45.50","MCTAVISH","7024745","2019-11-17","2019","11","17","","-3.4","","-9.9","","-6.6","","24.6","","0.0","","","","","","0.0","","13","","","","",""
"-73.58","45.50","MCTAVISH","7024745","2019-11-18","2019","11","18","","-1.1","","-7.9","","-4.5","","22.5","","0.0","","","","","","0.0","","13","","","","",""
"-73.58","45.50","MCTAVISH","7024745","2019-11-19","2019","11","19","","0.4","","-1.8","","-0.7","","18.7","","0.0","","","","","","1.9","","13","","","","",""
"-73.58","45.50","MCTAVISH","7024745","2019-11-20","2019","11","20","","2.0","","-0.7","","0.6","","17.4","","0.0","","","","","","2.2","","11","","","","",""
"-73.58","45.50","MCTAVISH","7024745","2019-11-21","2019","11","21","","3.6","","-1.6","","1.0","","17.0","","0.0","","","","","","2.3","","12","","","","",""
"-73.58","45.50","MCTAVISH","7024745","2019-11-22","2019","11","22","","6.8","","-4.4","","1.2","","16.8","","0.0","","","","","","4.1","","9","","23","","33",""
"-73.58","45.50","MCTAVISH","7024745","2019-11-23","2019","11","23","","2.6","","-6.2","","-1.8","","19.8","","0.0","","","","","","0.2","","6","","","","",""
"-73.58","45.50","MCTAVISH","7024745","2019-11-24","2019","11","24","","1.9","","-1.8","","0.0","","18.0","","0.0","","","","","","0.0","","6","","","","",""
"-73.58","45.50","MCTAVISH","7024745","2019-11-25","2019","11","25","","5.3","","0.7","","3.0","","15.0","","0.0","","","","","","0.0","","6","","","","",""
"-73.58","45.50","MCTAVISH","7024745","2019-11-26","2019","11","26","","9.7","","3.9","","6.8","","11.2","","0.0","","","","","","0.0","","4","","","","",""
"-73.58","45.50","MCTAVISH","7024745","2019-11-27","2019","11","27","","5.2","","0.8","","3.0","","15.0","","0.0","","","","","","14.5","","2","","","","",""
"-73.58","45.50","MCTAVISH","7024745","2019-11-28","2019","11","28","","0.8","","-1.9","","-0.6","","18.6","","0.0","","","","","","2.1","","3","","34","","41",""
"-73.58","45.50","MCTAVISH","7024745","2019-11-29","2019","11","29","","-1.3","","-8.4","","-4.9","","22.9","","0.0","","","","","","0.0","","3","","","","",""
"-73.58","45.50","MCTAVISH","7024745","2019-11-30","2019","11","30","","-5.3","","-10.4","","-7.9","","25.9","","0.0","","","","","","0.2","","3","","","","",""
"-73.58","45.50","MCTAVISH","7024745","2019-12-01","2019","12","01","","-6.5","","-10.9","","-8.7","","26.7","","0.0","","","","","","0.0","","3","","","","",""
"-73.58","45.50","MCTAVISH","7024745","2019-12-02","2019","12","02","","-2.7","","-7.0","","-4.9","","22.9","","0.0","","","","","","0.0","","3","","4","","35",""
"-73.58","45.50","MCTAVISH","7024745","2019-12-03","2019","12","03","","1.3","","-5.6","","-2.1","","20.1","","0.0","","","","","","0.0","","3","","","","",""
"-73.58","45.50","MCTAVISH","7024745","2019-12-04","2019","12","04","","0.6","","-3.9","","-1.7","","19.7","","0.0","","","","","","3.5","","3","","","","",""
"-73.58","45.50","MCTAVISH","7024745","2019-12-05","2019","12","05","","0.6","","-5.0","","-2.2","","20.2","","0.0","","","","","","2.9","","12","","","","",""
"-73.58","45.50","MCTAVISH","7024745","2019-12-06","2019","12","06","","-3.6","","-7.0","","-5.3","","23.3","","0.0","","","","","","0.7","","11","","","","",""
"-73.58","45.50","MCTAVISH","7024745","2019-12-07","2019","12","07","","-4.5","","-9.5","","-7.0","","25.0","","0.0","","","","","","0.2","","10","","","","",""
"-73.58","45.50","MCTAVISH","7024745","2019-12-08","2019","12","08","","0.8","","-9.1","","-4.2","","22.2","","0.0","","","","","","0.0","","11","","","","",""
"-73.58","45.50","MCTAVISH","7024745","2019-12-09","2019","12","09","","6.7","","0.1","","3.4","","14.6","","0.0","","","","","","9.7","","9","","","","",""
"-73.58","45.50","MCTAVISH","7024745","2019-12-10","2019","12","10","","9.9","","-8.2","","0.8","","17.2","","0.0","","","","","","0.2","","0","","21","","36",""
"-73.58","45.50","MCTAVISH","7024745","2019-12-11","2019","12","11","","-2.4","","-10.4","","-6.4","","24.4","","0.0","","","","","","1.9","","","","","","",""
"-73.58","45.50","MCTAVISH","7024745","2019-12-12","2019","12","12","","-3.2","","-9.8","","-6.5","","24.5","","0.0","","","","","","0.0","","1","","","","",""
"-73.58","45.50","MCTAVISH","7024745","2019-12-13","2019","12","13","","3.9","","-3.2","","0.4","","17.6","","0.0","","","","","","3.2","","1","","","","",""
"-73.58","45.50","MCTAVISH","7024745","2019-12-14","2019","12","14","","3.3","","0.9","","2.1","","15.9","","0.0","","","","","","14.4","","0","","19","","37",""
"-73.58","45.50","MCTAVISH","7024745","2019-12-15","2019","12","15","","1.0","","-9.9","","-4.4","","22.4","","0.0","","","","","","1.0","","0","","22","","35",""
"-73.58","45.50","MCTAVISH","7024745","2019-12-16","2019","12","16","","-3.7","","-11.3","","-7.5","","25.5","","0.0","","","","","","0.2","","","","","","",""
"-73.58","45.50","MCTAVISH","7024745","2019-12-17","2019","12","17","","-1.3","","-3.8","","-2.5","","20.5","","0.0","","","","","","1.2","","","","","","",""
"-73.58","45.50","MCTAVISH","7024745","2019-12-18","2019","12","18","","-2.5","","-17.9","","-10.2","","28.2","","0.0","","","","","","3.0","","2","","","","",""
"-73.58","45.50","MCTAVISH","7024745","2019-12-19","2019","12","19","","-14.5","","-20.2","","-17.3","","35.3","","0.0","","","","","","0.4","","4","","22","","37",""
"-73.58","45.50","MCTAVISH","7024745","2019-12-20","2019","12","20","","-10.8","","-16.0","","-13.4","","31.4","","0.0","","","","","","0.0","","4","","","","",""
"-73.58","45.50","MCTAVISH","7024745","2019-12-21","2019","12","21","","-8.7","","-13.3","","-11.0","","29.0","","0.0","","","","","","0.0","","4","","","","",""
"-73.58","45.50","MCTAVISH","7024745","2019-12-22","2019","12","22","","4.1","","-9.3","","-2.6","","20.6","","0.0","","","","","","0.0","","4","","","","",""
"-73.58","45.50","MCTAVISH","7024745","2019-12-23","2019","12","23","","7.4","","-0.1","","3.7","","14.3","","0.0","","","","","","0.0","","3","","20","","33",""
"-73.58","45.50","MCTAVISH","7024745","2019-12-24","2019","12","24","","1.1","","-3.9","","-1.4","","19.4","","0.0","","","","","","0.2","","0","","","","",""
"-73.58","45.50","MCTAVISH","7024745","2019-12-25","2019","12","25","","-3.6","","-6.9","","-5.3","","23.3","","0.0","","","","","","0.0","","0","","","","",""
"-73.58","45.50","MCTAVISH","7024745","2019-12-26","2019","12","26","","-4.6","","-9.4","","-7.0","","25.0","","0.0","","","","","","0.2","","0","","","","",""
"-73.58","45.50","MCTAVISH","7024745","2019-12-27","2019","12","27","","3.5","","-4.8","","-0.6","","18.6","","0.0","","","","","","7.2","","1","","","","",""
"-73.58","45.50","MCTAVISH","7024745","2019-12-28","2019","12","28","","4.2","","-0.2","","2.0","","16.0","","0.0","","","","","","0.2","","1","","","","",""
"-73.58","45.50","MCTAVISH","7024745","2019-12-29","2019","12","29","","0.8","","-2.9","","-1.1","","19.1","","0.0","","","","","","0.0","","1","","6","","31",""
"-73.58","45.50","MCTAVISH","7024745","2019-12-30","2019","12","30","","-1.3","","-4.1","","-2.7","","20.7","","0.0","","","","","","16.0","","1","","3","","36",""
"-73.58","45.50","MCTAVISH","7024745","2019-12-31","2019","12","31","","1.1","","-2.1","","-0.5","","18.5","","0.0","","","","","","11.3","","13","","","","",""
